,Predicted_Analysis,Predicted_Backdoor,Predicted_DoS,Predicted_Exploits,Predicted_Fuzzers,Predicted_Generic,Predicted_Normal,Predicted_Reconnaissance,Predicted_Shellcode,Predicted_Worms
Actual_Analysis,0.137371,0.141802,0.033973,0.608567,0.023634,0.000000,0.054653,0.000000,0.000000,0.000000
Actual_Backdoor,0.159520,0.150943,0.039451,0.596913,0.029160,0.010292,0.003431,0.000000,0.010292,0.000000
Actual_DoS,0.050379,0.176327,0.104182,0.621912,0.018831,0.006359,0.003668,0.005869,0.012472,0.000000
Actual_Exploits,0.027039,0.063151,0.012666,0.850162,0.013205,0.002875,0.008714,0.014103,0.007725,0.000359
Actual_Fuzzers,0.032992,0.032168,0.010558,0.163477,0.580501,0.000990,0.144672,0.001155,0.033487,0.000000
Actual_Generic,0.000000,0.000159,0.001537,0.022680,0.002385,0.971597,0.000318,0.000000,0.001113,0.000212
Actual_Normal,0.013838,0.000000,0.000784,0.019216,0.202459,0.000108,0.759595,0.000243,0.003730,0.000027
Actual_Reconnaissance,0.004291,0.024027,0.004005,0.143307,0.004005,0.000286,0.001716,0.810355,0.008009,0.000000
Actual_Shellcode,0.000000,0.002646,0.007937,0.087302,0.066138,0.000000,0.015873,0.002646,0.817460,0.000000
Actual_Worms,0.000000,0.000000,0.000000,0.500000,0.022727,0.022727,0.000000,0.000000,0.022727,0.431818
