Predicted_Label,Samples,Correct,Mean_Confidence,Median_Confidence,Min_Confidence,Mean_Margin,Median_Margin,Incorrect,Error_Rate_%,Accuracy_%,Is_Attack
Web Attack - XSS,82,40,0.8346845,0.8651047,0.47979483,0.67327625,0.7304243,42,51.21951219512195,48.78048780487805,True
Bot,454,289,0.9832569,0.9973903,0.50194675,0.966621,0.9948168,165,36.34361233480176,63.65638766519823,True
Web Attack - Brute Force,241,181,0.9020077,0.9781253,0.39381376,0.8104961,0.95646816,60,24.896265560165975,75.10373443983403,True
DoS GoldenEye,1562,1541,0.99640393,0.9999925,0.5055199,0.992932,0.9999874,21,1.3444302176696543,98.65556978233035,True
PortScan,13783,13619,0.99940497,0.99977404,0.36781737,0.99885267,0.99955815,164,1.1898715809330334,98.81012841906697,True
DoS slowloris,815,806,0.9961661,0.99998975,0.51463133,0.9927011,0.99998665,9,1.1042944785276074,98.8957055214724,True
DoS Slowhttptest,788,780,0.9972954,0.99995494,0.3489134,0.9957273,0.99992526,8,1.015228426395939,98.98477157360406,True
DoS Hulk,25949,25919,0.99952346,0.999997,0.49999803,0.9990681,0.99999624,30,0.11561139157578326,99.88438860842422,True
DDoS,19211,19203,0.99988115,0.99999404,0.5918388,0.99977136,0.9999916,8,0.041642808807454065,99.95835719119255,True
BENIGN,318939,318932,0.9997624,0.99999404,0.3998444,0.99956536,0.9999919,7,0.0021947770576818764,99.99780522294232,False
FTP-Patator,889,889,0.99997824,0.9999919,0.99151456,0.9999645,0.9999889,0,0.0,100.0,True
Infiltration,3,3,0.9253664,0.9973447,0.77954555,0.8510895,0.99518704,0,0.0,100.0,True
Heartbleed,1,1,0.9984523,0.9984523,0.9984523,0.99749166,0.99749166,0,0.0,100.0,True
SSH-Patator,483,483,0.99992985,0.9999938,0.9958625,0.99988097,0.9999922,0,0.0,100.0,True
Web Attack - SQL Injection,3,3,0.74391407,0.8658975,0.40005332,0.60804,0.8151753,0,0.0,100.0,True
