Class,Count,Percentage
BENIGN,2128803,83.32950376191783
DoS Hulk,172849,6.765971955011213
DDoS,128016,5.011036603004445
PortScan,90819,3.555003540559467
DoS GoldenEye,10286,0.402633440339518
FTP-Patator,5933,0.23224034625066692
DoS slowloris,5385,0.21078952714644214
DoS Slowhttptest,5228,0.20464394576074274
SSH-Patator,3219,0.12600399032207935
Bot,1953,0.0764479009316623
Web Attack - Brute Force,1470,0.05754143080877809
Web Attack - XSS,652,0.025521777474369598
Infiltration,36,0.0014091778973578306
Web Attack - SQL Injection,21,0.0008220204401254012
Heartbleed,11,0.0004305821353037816
