,precision,recall,f1-score,support
BENIGN,0.9999780522294232,0.9987817901108915,0.9993795631874158,319321.0
Bot,0.6365638766519823,0.9863481228668942,0.7737617135207496,293.0
DDoS,0.9995835719119255,1.0,0.999791742593846,19203.0
DoS GoldenEye,0.9865556978233034,0.998703823720026,0.9925925925925926,1543.0
DoS Hulk,0.9988438860842421,0.9996528849120642,0.9992482217553058,25928.0
DoS Slowhttptest,0.9898477157360406,0.9948979591836735,0.9923664122137404,784.0
DoS slowloris,0.9889570552147239,0.9975247524752475,0.9932224276032039,808.0
FTP-Patator,1.0,0.998876404494382,0.9994378864530635,890.0
Heartbleed,1.0,1.0,1.0,1.0
Infiltration,1.0,0.6,0.75,5.0
PortScan,0.9881012841906697,0.9997063789180063,0.9938699554842005,13623.0
SSH-Patator,1.0,1.0,1.0,483.0
Web Attack - Brute Force,0.7510373443983402,0.8227272727272728,0.7852494577006508,220.0
Web Attack - SQL Injection,1.0,1.0,1.0,3.0
Web Attack - XSS,0.4878048780487805,0.40816326530612246,0.4444444444444444,98.0
accuracy,0.9986586743840732,0.9986586743840732,0.9986586743840732,0.9986586743840732
macro avg,0.9218182241526288,0.9203588436476386,0.9148909611699476,383203.0
weighted avg,0.9988096196571148,0.9986586743840732,0.9987011122646092,383203.0
