Class,Training_Count,Balanced_Weight,Final_Weight
BENIGN,1490162,0.08000365060979947,0.08000365060979947
Bot,1367,87.21170446232627,20.0
DDoS,89611,1.330399169744786,1.330399169744786
DoS GoldenEye,7200,16.55811111111111,16.55811111111111
DoS Hulk,120994,0.9853248921434121,0.9853248921434121
DoS Slowhttptest,3660,32.57333333333333,20.0
DoS slowloris,3770,31.62291777188329,20.0
FTP-Patator,4153,28.706573561281,20.0
Heartbleed,8,14902.3,20.0
Infiltration,25,4768.736,20.0
PortScan,63573,1.8752992622654272,1.8752992622654272
SSH-Patator,2253,52.91540168664004,20.0
Web Attack - Brute Force,1029,115.85850340136055,20.0
Web Attack - SQL Injection,15,7947.893333333333,20.0
Web Attack - XSS,456,261.4438596491228,20.0
