Actual,BENIGN,Bot,DDoS,DoS GoldenEye,DoS Hulk,DoS Slowhttptest,DoS slowloris,FTP-Patator,Heartbleed,Infiltration,PortScan,SSH-Patator,Web Attack - Brute Force,Web Attack - SQL Injection,Web Attack - XSS
BENIGN,318932,165,8,12,30,4,5,0,0,0,163,0,1,0,1
Bot,4,289,0,0,0,0,0,0,0,0,0,0,0,0,0
DDoS,0,0,19203,0,0,0,0,0,0,0,0,0,0,0,0
DoS GoldenEye,0,0,0,1541,0,2,0,0,0,0,0,0,0,0,0
DoS Hulk,0,0,0,9,25919,0,0,0,0,0,0,0,0,0,0
DoS Slowhttptest,0,0,0,0,0,780,3,0,0,0,0,0,1,0,0
DoS slowloris,0,0,0,0,0,1,806,0,0,0,1,0,0,0,0
FTP-Patator,0,0,0,0,0,0,0,889,0,0,0,0,0,0,1
Heartbleed,0,0,0,0,0,0,0,0,1,0,0,0,0,0,0
Infiltration,2,0,0,0,0,0,0,0,0,3,0,0,0,0,0
PortScan,1,0,0,0,0,1,0,0,0,0,13619,0,1,0,1
SSH-Patator,0,0,0,0,0,0,0,0,0,0,0,483,0,0,0
Web Attack - Brute Force,0,0,0,0,0,0,0,0,0,0,0,0,181,0,39
Web Attack - SQL Injection,0,0,0,0,0,0,0,0,0,0,0,0,0,3,0
Web Attack - XSS,0,0,0,0,0,0,1,0,0,0,0,0,57,0,40
